scope,doc_type,k,n_queries,hit_rate_at_k,recall_full_at_k,map,recall_at_k,precision_at_k,mrr,ndcg_at_k
overall,all,5,248,0.653226,0.647177,0.415692,0.653226,0.169355,0.424664,0.478261
by_doc_type,career,5,152,0.677632,0.677632,0.426261,0.677632,0.142105,0.426096,0.488947
by_doc_type,competency,5,17,0.823529,0.735294,0.676471,0.823529,0.317647,0.72549,0.726808
by_doc_type,course,5,79,0.56962,0.56962,0.339241,0.56962,0.189873,0.357173,0.404216
by_query_difficulty,paraphrased,5,120,0.708333,0.695833,0.466458,0.708333,0.188333,0.474306,0.529337
by_query_difficulty,trivial,5,128,0.601562,0.601562,0.368099,0.601562,0.151563,0.378125,0.430377
